username,role,tanggal dan waktu,status
mikel,admin,2025-12-21 23:34:22,BERHASIL
mikel,admin,2025-12-21 23:34:54,GAGAL
"& ""C:/Users/ASUS NB/AppData/Local/Python/pythoncore-3.14-64/python.exe"" ""c:/Users/ASUS NB/Documents/Belajar Python/ALPROTOL/LOGIN ADMIN DAN RIWAYAT KEGIATAN/LoginAdmin.py""",unknown,2025-12-21 23:35:23,GAGAL
pria,user,2025-12-21 23:35:47,BERHASIL
mikel,admin,2025-12-21 23:37:59,BERHASIL
mikel,admin,2025-12-22 00:02:56,BERHASIL
mikel,admin,2025-12-22 00:04:55,BERHASIL
mikel,admin,2025-12-22 00:07:09,BERHASIL
pria,Anggota,2025-12-22 00:13:26,BERHASIL
pria,Anggota,2025-12-22 00:13:42,GAGAL
